{
    "__comment": "Model generated using MrCrayfish's Model Creator (http://mrcrayfish.com/modelcreator/)",
"ambientocclusion": false,
    "textures": {
        "0": "blocks/rail_normal",
        "1": "blocks/rail_golden",
        "2": "blocks/rail_golden_powered"
    },
    "elements": [
        {
            "name": "Element",
            "from": [ 2.0, 8.0, -3.0 ], 
            "to": [ 4.0, 9.0, 21.0 ], 
            "rotation": { "origin": [ 8.0, 8.0, 8.0 ], "axis": "x", "angle": -45.0 },
            "faces": {
                "north": { "texture": "#0", "uv": [ 2.0, 2.0, 4.0, 14.5 ] },
                "east": { "texture": "#0", "uv": [ 2.25, 1.0, 2.75, 15.0 ] },
                "south": { "texture": "#0", "uv": [ 4.0, 2.0, 2.0, 6.0 ] },
                "west": { "texture": "#0", "uv": [ 3.25, 1.0, 3.75, 15.0 ], "rotation": 90 },
                "up": { "texture": "#0", "uv": [ 4.0, 0.75, 2.0, 11.75 ] },
                "down": { "texture": "#0", "uv": [ 2.0, 0.0, 3.0, 16.0 ] }
            }
        },
        {
            "name": "Element",
            "from": [ 12.0, 8.0, -3.0 ], 
            "to": [ 14.0, 9.0, 21.0 ], 
            "rotation": { "origin": [ 8.0, 8.0, 8.0 ], "axis": "x", "angle": -45.0 },
            "faces": {
                "north": { "texture": "#0", "uv": [ 4.0, 0.5, 2.0, 11.5 ] },
                "east": { "texture": "#0", "uv": [ 3.0, 1.0, 4.0, 15.0 ] },
                "south": { "texture": "#0", "uv": [ 14.0, 0.75, 12.0, 4.75 ] },
                "west": { "texture": "#0", "uv": [ 2.25, 0.75, 2.75, 15.25 ] },
                "up": { "texture": "#0", "uv": [ 14.0, 1.0, 12.0, 15.0 ] },
                "down": { "texture": "#0", "uv": [ 13.0, 0.5, 14.0, 15.75 ] }
            }
        },
        {
            "name": "Element",
            "from": [ 12.0, 9.0, -3.0 ], 
            "to": [ 13.0, 10.0, 21.0 ], 
            "rotation": { "origin": [ 8.0, 8.0, 8.0 ], "axis": "x", "angle": -45.0 },
            "faces": {
                "north": { "texture": "#0", "uv": [ 2.25, 10.0, 2.75, 11.0 ] },
                "east": { "texture": "#0", "uv": [ 13.0, 0.5, 14.0, 15.5 ] },
                "south": { "texture": "#0", "uv": [ 2.25, 10.0, 2.75, 10.75 ] },
                "west": { "texture": "#0", "uv": [ 13.25, 2.0, 13.75, 13.0 ] },
                "up": { "texture": "#0", "uv": [ 2.0, 1.0, 3.0, 15.0 ] },
                "down": { "texture": "#0", "uv": [ 2.0, 0.0, 3.0, 16.0 ] }
            }
        },
        {
            "name": "Element",
            "from": [ 1.0, 7.0, 14.0 ], 
            "to": [ 15.0, 8.0, 16.0 ], 
            "rotation": { "origin": [ 8.0, 8.0, 8.0 ], "axis": "x", "angle": -45.0 },
            "faces": {
                "north": { "texture": "#0", "uv": [ 4.0, 1.0, 12.0, 2.0 ] },
                "east": { "texture": "#0", "uv": [ 14.0, 1.0, 15.0, 3.0 ] },
                "south": { "texture": "#0", "uv": [ 4.0, 2.0, 12.0, 1.0 ] },
                "west": { "texture": "#0", "uv": [ 1.0, 5.0, 2.0, 7.0 ] },
                "up": { "texture": "#0", "uv": [ 4.0, 5.0, 12.0, 7.0 ] },
                "down": { "texture": "#0", "uv": [ 4.0, 5.0, 12.0, 7.0 ] }
            }
        },
        {
            "name": "Element",
            "from": [ 1.0, 7.0, 10.0 ], 
            "to": [ 15.0, 8.0, 12.0 ], 
            "rotation": { "origin": [ 8.0, 8.0, 8.0 ], "axis": "x", "angle": -45.0 },
            "faces": {
                "north": { "texture": "#0", "uv": [ 4.0, 1.0, 12.0, 2.0 ] },
                "east": { "texture": "#0", "uv": [ 14.0, 1.0, 15.0, 3.0 ] },
                "south": { "texture": "#0", "uv": [ 4.0, 2.0, 12.0, 1.0 ] },
                "west": { "texture": "#0", "uv": [ 1.0, 5.0, 2.0, 7.0 ] },
                "up": { "texture": "#0", "uv": [ 4.0, 5.0, 12.0, 7.0 ] },
                "down": { "texture": "#0", "uv": [ 4.0, 5.0, 12.0, 7.0 ] }
            }
        },
        {
            "name": "Element",
            "from": [ 1.0, 7.0, 6.0 ], 
            "to": [ 15.0, 8.0, 8.0 ], 
            "rotation": { "origin": [ 8.0, 8.0, 8.0 ], "axis": "x", "angle": -45.0 },
            "faces": {
                "north": { "texture": "#0", "uv": [ 4.0, 1.0, 12.0, 2.0 ] },
                "east": { "texture": "#0", "uv": [ 10.0, 6.0, 12.0, 7.0 ] },
                "south": { "texture": "#0", "uv": [ 4.0, 2.0, 12.0, 1.0 ] },
                "west": { "texture": "#0", "uv": [ 11.0, 9.0, 12.0, 11.0 ] },
                "up": { "texture": "#0", "uv": [ 4.0, 5.0, 11.0, 7.0 ] },
                "down": { "texture": "#0", "uv": [ 4.0, 6.0, 12.0, 6.0 ] }
            }
        },
        {
            "name": "Element",
            "from": [ 1.0, 7.0, 18.0 ], 
            "to": [ 15.0, 8.0, 20.0 ], 
            "rotation": { "origin": [ 8.0, 8.0, 8.0 ], "axis": "x", "angle": -45.0 },
            "faces": {
                "north": { "texture": "#0", "uv": [ 4.0, 1.0, 12.0, 2.0 ] },
                "east": { "texture": "#0", "uv": [ 14.0, 1.0, 15.0, 3.0 ] },
                "south": { "texture": "#0", "uv": [ 4.0, 2.0, 12.0, 1.0 ] },
                "west": { "texture": "#0", "uv": [ 1.0, 5.0, 2.0, 7.0 ] },
                "up": { "texture": "#0", "uv": [ 4.0, 5.0, 12.0, 7.0 ] },
                "down": { "texture": "#0", "uv": [ 4.0, 5.0, 12.0, 7.0 ] }
            }
        },
        {
            "name": "Cube",
            "from": [ 1.0, 7.0, 2.0 ], 
            "to": [ 15.0, 8.0, 4.0 ], 
            "rotation": { "origin": [ 8.0, 8.0, 8.0 ], "axis": "x", "angle": -45.0 },
            "faces": {
                "north": { "texture": "#0", "uv": [ 4.0, 1.0, 12.0, 2.0 ] },
                "east": { "texture": "#0", "uv": [ 11.0, 1.0, 12.0, 2.0 ] },
                "south": { "texture": "#0", "uv": [ 4.0, 2.0, 12.0, 1.0 ] },
                "west": { "texture": "#0", "uv": [ 1.0, 5.0, 2.0, 7.0 ] },
                "up": { "texture": "#0", "uv": [ 4.0, 5.0, 12.0, 7.0 ] },
                "down": { "texture": "#0", "uv": [ 4.0, 5.0, 12.0, 7.0 ] }
            }
        },
        {
            "name": "Cube",
            "from": [ 1.0, 7.0, -2.0 ], 
            "to": [ 15.0, 8.0, 0.0 ], 
            "rotation": { "origin": [ 8.0, 8.0, 8.0 ], "axis": "x", "angle": -45.0 },
            "faces": {
                "north": { "texture": "#0", "uv": [ 4.0, 1.0, 12.0, 2.0 ] },
                "east": { "texture": "#0", "uv": [ 14.0, 1.0, 15.0, 3.0 ] },
                "south": { "texture": "#0", "uv": [ 4.0, 2.0, 12.0, 1.0 ] },
                "west": { "texture": "#0", "uv": [ 1.0, 5.0, 2.0, 7.0 ] },
                "up": { "texture": "#0", "uv": [ 4.0, 5.0, 12.0, 7.0 ] },
                "down": { "texture": "#0", "uv": [ 4.0, 5.0, 12.0, 7.0 ] }
            }
        },
        {
            "name": "Cube",
            "from": [ 3.0, 9.0, -3.0 ], 
            "to": [ 4.0, 10.0, 21.0 ], 
            "rotation": { "origin": [ 8.0, 8.0, 8.0 ], "axis": "x", "angle": -45.0 },
            "faces": {
                "north": { "texture": "#0", "uv": [ 2.25, 10.0, 2.75, 11.0 ] },
                "east": { "texture": "#0", "uv": [ 13.25, 1.0, 13.75, 15.0 ] },
                "south": { "texture": "#0", "uv": [ 2.25, 10.0, 2.75, 10.75 ] },
                "west": { "texture": "#0", "uv": [ 13.25, 2.0, 13.75, 13.0 ] },
                "up": { "texture": "#0", "uv": [ 2.0, 0.25, 3.0, 15.75 ] },
                "down": { "texture": "#0", "uv": [ 2.0, 0.0, 3.0, 16.0 ] }
            }
        },
        {
            "name": "Cube",
            "from": [ 2.0, 8.0, -3.0 ], 
            "to": [ 4.0, 9.0, 21.0 ], 
            "rotation": { "origin": [ 8.0, 8.0, 8.0 ], "axis": "x", "angle": -45.0 },
            "faces": {
                "north": { "texture": "#0", "uv": [ 2.0, 2.0, 4.0, 14.5 ] },
                "east": { "texture": "#0", "uv": [ 2.25, 1.0, 2.75, 15.0 ] },
                "south": { "texture": "#0", "uv": [ 4.0, 2.0, 2.0, 6.0 ] },
                "west": { "texture": "#0", "uv": [ 3.25, 1.0, 3.75, 15.0 ] },
                "up": { "texture": "#0", "uv": [ 4.0, 0.75, 2.0, 11.75 ] },
                "down": { "texture": "#0", "uv": [ 2.0, 0.0, 3.0, 16.0 ] }
            }
        },
        {
            "name": "Cube",
            "from": [ 4.0, 8.0, -3.0 ], 
            "to": [ 5.0, 9.0, 21.0 ], 
            "rotation": { "origin": [ 8.0, 8.0, 8.0 ], "axis": "x", "angle": -45.0 },
            "faces": {
                "north": { "texture": "#1", "uv": [ 4.25, 8.0, 4.75, 9.0 ] },
                "east": { "texture": "#1", "uv": [ 11.25, 4.0, 11.75, 5.0 ] },
                "south": { "texture": "#1", "uv": [ 4.25, 8.0, 4.75, 8.75 ] },
                "west": { "texture": "#1", "uv": [ 11.25, 3.0, 11.75, 4.0 ] },
                "up": { "texture": "#1", "uv": [ 4.0, 3.25, 5.0, 4.75 ] },
                "down": { "texture": "#1", "uv": [ 5.0, 0.0, 6.0, 1.0 ] }
            }
        },
        {
            "name": "Cube",
            "from": [ 7.0, 8.0, -2.0 ], 
            "to": [ 9.0, 9.0, 20.0 ], 
            "rotation": { "origin": [ 8.0, 8.0, 8.0 ], "axis": "x", "angle": -45.0 },
            "faces": {
                "north": { "texture": "#2", "uv": [ 8.25, 10.0, 8.75, 11.0 ] },
                "east": { "texture": "#2", "uv": [ 7.25, 1.0, 7.75, 2.0 ] },
                "south": { "texture": "#2", "uv": [ 8.25, 2.0, 8.75, 2.75 ] },
                "west": { "texture": "#2", "uv": [ 8.25, 1.0, 8.75, 2.0 ] },
                "up": { "texture": "#2", "uv": [ 7.0, 1.25, 9.0, 14.75 ] },
                "down": { "texture": "#2", "uv": [ 7.0, 1.0, 8.0, 2.0 ] }
            }
        },
        {
            "name": "Cube",
            "from": [ 11.0, 8.0, -3.0 ], 
            "to": [ 12.0, 9.0, 21.0 ], 
            "rotation": { "origin": [ 8.0, 8.0, 8.0 ], "axis": "x", "angle": -45.0 },
            "faces": {
                "north": { "texture": "#1", "uv": [ 4.25, 8.0, 4.75, 9.0 ] },
                "east": { "texture": "#1", "uv": [ 11.25, 4.0, 11.75, 5.0 ] },
                "south": { "texture": "#1", "uv": [ 4.25, 8.0, 4.75, 8.75 ] },
                "west": { "texture": "#1", "uv": [ 11.25, 3.0, 11.75, 4.0 ] },
                "up": { "texture": "#1", "uv": [ 4.0, 3.25, 5.0, 4.75 ] },
                "down": { "texture": "#1", "uv": [ 5.0, 0.0, 6.0, 1.0 ] }
            }
        }
    ]
}