{
    "__comment": "Model generated using MrCrayfish's Model Creator (http://mrcrayfish.com/modelcreator/)",
    "textures": {
        "particle": "blocks/wheat_stage_7",
		"0": "blocks/wheat_stage_7"
    },
    "elements": [
        {
            "name": "Cube",
            "from": [ 1.0, -1.0, 10.0 ], 
            "to": [ 2.0, 11.0, 11.0 ], 
            "faces": {
                "north": { "texture": "#0", "uv": [ 5.0, 2.0, 6.0, 16.0 ] },
                "east": { "texture": "#0", "uv": [ 6.0, 2.0, 7.0, 16.0 ] },
                "south": { "texture": "#0", "uv": [ 6.0, 2.0, 5.0, 16.0 ] },
                "west": { "texture": "#0", "uv": [ 5.0, 2.0, 6.0, 16.0 ] },
                "up": { "texture": "#0", "uv": [ 6.0, 1.0, 7.0, 2.0 ] },
                "down": { "texture": "#0", "uv": [ 5.0, 14.0, 6.0, 15.0 ] }
            }
        },
        {
            "name": "Cube",
            "from": [ 5.0, -1.0, 10.0 ], 
            "to": [ 6.0, 13.0, 11.0 ], 
            "faces": {
                "north": { "texture": "#0", "uv": [ 5.0, 2.0, 6.0, 16.0 ] },
                "east": { "texture": "#0", "uv": [ 6.0, 2.0, 7.0, 16.0 ] },
                "south": { "texture": "#0", "uv": [ 5.0, 2.0, 6.0, 16.0 ] },
                "west": { "texture": "#0", "uv": [ 5.0, 2.0, 6.0, 16.0 ] },
                "up": { "texture": "#0", "uv": [ 6.0, 1.0, 7.0, 2.0 ] },
                "down": { "texture": "#0", "uv": [ 5.0, 14.0, 6.0, 15.0 ] }
            }
        },
        {
            "name": "Cube",
            "from": [ 1.0, -1.0, 5.0 ], 
            "to": [ 2.0, 13.0, 6.0 ], 
            "faces": {
                "north": { "texture": "#0", "uv": [ 5.0, 2.0, 6.0, 16.0 ] },
                "east": { "texture": "#0", "uv": [ 6.0, 2.0, 7.0, 16.0 ] },
                "south": { "texture": "#0", "uv": [ 5.0, 2.0, 6.0, 16.0 ] },
                "west": { "texture": "#0", "uv": [ 5.0, 2.0, 6.0, 16.0 ] },
                "up": { "texture": "#0", "uv": [ 6.0, 1.0, 7.0, 2.0 ] },
                "down": { "texture": "#0", "uv": [ 5.0, 14.0, 6.0, 15.0 ] }
            }
        },
        {
            "name": "Cube",
            "from": [ 5.0, -1.0, 14.0 ], 
            "to": [ 6.0, 12.0, 15.0 ], 
            "faces": {
                "north": { "texture": "#0", "uv": [ 5.0, 3.0, 6.0, 16.0 ] },
                "east": { "texture": "#0", "uv": [ 6.0, 3.0, 7.0, 16.0 ] },
                "south": { "texture": "#0", "uv": [ 5.0, 3.0, 6.0, 16.0 ] },
                "west": { "texture": "#0", "uv": [ 5.0, 3.0, 6.0, 16.0 ] },
                "up": { "texture": "#0", "uv": [ 6.0, 1.0, 7.0, 2.0 ] },
                "down": { "texture": "#0", "uv": [ 5.0, 14.0, 6.0, 15.0 ] }
            }
        },
        {
            "name": "Cube",
            "from": [ 10.0, -1.0, 14.0 ], 
            "to": [ 11.0, 10.0, 15.0 ], 
            "faces": {
                "north": { "texture": "#0", "uv": [ 5.0, 2.0, 6.0, 16.0 ] },
                "east": { "texture": "#0", "uv": [ 6.0, 2.0, 7.0, 16.0 ] },
                "south": { "texture": "#0", "uv": [ 5.0, 2.0, 6.0, 16.0 ] },
                "west": { "texture": "#0", "uv": [ 5.0, 2.0, 6.0, 16.0 ] },
                "up": { "texture": "#0", "uv": [ 6.0, 1.0, 7.0, 2.0 ] },
                "down": { "texture": "#0", "uv": [ 5.0, 14.0, 6.0, 15.0 ] }
            }
        },
        {
            "name": "Cube",
            "from": [ 10.0, -1.0, 10.0 ], 
            "to": [ 11.0, 11.0, 11.0 ], 
            "faces": {
                "north": { "texture": "#0", "uv": [ 5.0, 2.0, 6.0, 16.0 ] },
                "east": { "texture": "#0", "uv": [ 6.0, 2.0, 7.0, 16.0 ] },
                "south": { "texture": "#0", "uv": [ 5.0, 2.0, 6.0, 16.0 ] },
                "west": { "texture": "#0", "uv": [ 5.0, 2.0, 6.0, 16.0 ] },
                "up": { "texture": "#0", "uv": [ 6.0, 1.0, 7.0, 2.0 ] },
                "down": { "texture": "#0", "uv": [ 5.0, 14.0, 6.0, 15.0 ] }
            }
        },
        {
            "name": "Cube",
            "from": [ 1.0, -1.0, 14.0 ], 
            "to": [ 2.0, 12.0, 15.0 ], 
            "faces": {
                "north": { "texture": "#0", "uv": [ 5.0, 3.0, 6.0, 16.0 ] },
                "east": { "texture": "#0", "uv": [ 6.0, 3.0, 7.0, 16.0 ] },
                "south": { "texture": "#0", "uv": [ 5.0, 3.0, 6.0, 16.0 ] },
                "west": { "texture": "#0", "uv": [ 5.0, 3.0, 6.0, 16.0 ] },
                "up": { "texture": "#0", "uv": [ 6.0, 1.0, 7.0, 2.0 ] },
                "down": { "texture": "#0", "uv": [ 5.0, 14.0, 6.0, 15.0 ] }
            }
        },
        {
            "name": "Cube",
            "from": [ 14.0, -1.0, 14.0 ], 
            "to": [ 15.0, 11.0, 15.0 ], 
            "faces": {
                "north": { "texture": "#0", "uv": [ 5.0, 1.0, 6.0, 16.0 ] },
                "east": { "texture": "#0", "uv": [ 6.0, 1.0, 7.0, 16.0 ] },
                "south": { "texture": "#0", "uv": [ 5.0, 1.0, 6.0, 16.0 ] },
                "west": { "texture": "#0", "uv": [ 7.0, 1.0, 5.0, 16.0 ] },
                "up": { "texture": "#0", "uv": [ 6.0, 1.0, 7.0, 2.0 ] },
                "down": { "texture": "#0", "uv": [ 5.0, 14.0, 6.0, 15.0 ] }
            }
        },
        {
            "name": "Cube",
            "from": [ 14.0, -1.0, 10.0 ], 
            "to": [ 15.0, 12.0, 11.0 ], 
            "faces": {
                "north": { "texture": "#0", "uv": [ 5.0, 2.0, 6.0, 15.0 ] },
                "east": { "texture": "#0", "uv": [ 6.0, 2.0, 7.0, 15.0 ] },
                "south": { "texture": "#0", "uv": [ 5.0, 2.0, 6.0, 15.0 ] },
                "west": { "texture": "#0", "uv": [ 5.0, 2.0, 6.0, 15.0 ] },
                "up": { "texture": "#0", "uv": [ 6.0, 1.0, 7.0, 2.0 ] },
                "down": { "texture": "#0", "uv": [ 5.0, 14.0, 6.0, 15.0 ] }
            }
        },
        {
            "name": "Cube",
            "from": [ 14.0, -1.0, 5.0 ], 
            "to": [ 15.0, 13.0, 6.0 ], 
            "faces": {
                "north": { "texture": "#0", "uv": [ 5.0, 2.0, 6.0, 16.0 ] },
                "east": { "texture": "#0", "uv": [ 6.0, 2.0, 7.0, 16.0 ] },
                "south": { "texture": "#0", "uv": [ 5.0, 2.0, 6.0, 16.0 ] },
                "west": { "texture": "#0", "uv": [ 5.0, 2.0, 6.0, 16.0 ] },
                "up": { "texture": "#0", "uv": [ 6.0, 1.0, 7.0, 2.0 ] },
                "down": { "texture": "#0", "uv": [ 5.0, 14.0, 6.0, 15.0 ] }
            }
        },
        {
            "name": "Cube",
            "from": [ 14.0, -1.0, 1.0 ], 
            "to": [ 15.0, 11.0, 2.0 ], 
            "faces": {
                "north": { "texture": "#0", "uv": [ 5.0, 1.0, 6.0, 16.0 ] },
                "east": { "texture": "#0", "uv": [ 6.0, 1.0, 7.0, 16.0 ] },
                "south": { "texture": "#0", "uv": [ 5.0, 1.0, 6.0, 16.0 ] },
                "west": { "texture": "#0", "uv": [ 5.0, 1.0, 6.0, 16.0 ] },
                "up": { "texture": "#0", "uv": [ 6.0, 1.0, 7.0, 2.0 ] },
                "down": { "texture": "#0", "uv": [ 5.0, 14.0, 6.0, 15.0 ] }
            }
        },
        {
            "name": "Cube",
            "from": [ 10.0, -1.0, 1.0 ], 
            "to": [ 11.0, 12.0, 2.0 ], 
            "faces": {
                "north": { "texture": "#0", "uv": [ 5.0, 3.0, 6.0, 16.0 ] },
                "east": { "texture": "#0", "uv": [ 6.0, 3.0, 7.0, 16.0 ] },
                "south": { "texture": "#0", "uv": [ 5.0, 3.0, 6.0, 16.0 ] },
                "west": { "texture": "#0", "uv": [ 5.0, 3.0, 6.0, 16.0 ] },
                "up": { "texture": "#0", "uv": [ 6.0, 1.0, 7.0, 2.0 ] },
                "down": { "texture": "#0", "uv": [ 5.0, 14.0, 6.0, 15.0 ] }
            }
        },
        {
            "name": "Cube",
            "from": [ 1.0, -1.0, 1.0 ], 
            "to": [ 2.0, 11.0, 2.0 ], 
            "faces": {
                "north": { "texture": "#0", "uv": [ 5.0, 2.0, 6.0, 16.0 ] },
                "east": { "texture": "#0", "uv": [ 6.0, 2.0, 7.0, 16.0 ] },
                "south": { "texture": "#0", "uv": [ 5.0, 2.0, 6.0, 16.0 ] },
                "west": { "texture": "#0", "uv": [ 5.0, 2.0, 6.0, 16.0 ] },
                "up": { "texture": "#0", "uv": [ 6.0, 1.0, 7.0, 2.0 ] },
                "down": { "texture": "#0", "uv": [ 5.0, 14.0, 6.0, 15.0 ] }
            }
        },
        {
            "name": "Cube",
            "from": [ 5.0, -1.0, 5.0 ], 
            "to": [ 6.0, 10.0, 6.0 ], 
            "faces": {
                "north": { "texture": "#0", "uv": [ 5.0, 5.0, 6.0, 16.0 ] },
                "east": { "texture": "#0", "uv": [ 5.0, 5.0, 6.0, 16.0 ] },
                "south": { "texture": "#0", "uv": [ 5.0, 5.0, 6.0, 16.0 ] },
                "west": { "texture": "#0", "uv": [ 5.0, 5.0, 6.0, 16.0 ] },
                "up": { "texture": "#0", "uv": [ 6.0, 1.0, 7.0, 2.0 ] },
                "down": { "texture": "#0", "uv": [ 5.0, 14.0, 6.0, 15.0 ] }
            }
        },
        {
            "name": "Cube",
            "from": [ 10.0, -1.0, 5.0 ], 
            "to": [ 11.0, 13.0, 6.0 ], 
            "faces": {
                "north": { "texture": "#0", "uv": [ 5.0, 2.0, 6.0, 16.0 ] },
                "east": { "texture": "#0", "uv": [ 6.0, 2.0, 7.0, 16.0 ] },
                "south": { "texture": "#0", "uv": [ 5.0, 2.0, 6.0, 16.0 ] },
                "west": { "texture": "#0", "uv": [ 5.0, 2.0, 6.0, 16.0 ] },
                "up": { "texture": "#0", "uv": [ 6.0, 1.0, 7.0, 2.0 ] },
                "down": { "texture": "#0", "uv": [ 5.0, 14.0, 6.0, 15.0 ] }
            }
        },
        {
            "name": "Cube",
            "from": [ 5.0, -1.0, 1.0 ], 
            "to": [ 6.0, 10.0, 2.0 ], 
            "faces": {
                "north": { "texture": "#0", "uv": [ 5.0, 2.0, 6.0, 16.0 ] },
                "east": { "texture": "#0", "uv": [ 6.0, 2.0, 7.0, 16.0 ] },
                "south": { "texture": "#0", "uv": [ 5.0, 2.0, 6.0, 16.0 ] },
                "west": { "texture": "#0", "uv": [ 5.0, 2.0, 6.0, 16.0 ] },
                "up": { "texture": "#0", "uv": [ 6.0, 1.0, 7.0, 2.0 ] },
                "down": { "texture": "#0", "uv": [ 5.0, 14.0, 6.0, 15.0 ] }
            }
        }
    ]
}